<?xml version="1.0" ?>
<quiz>

	<question type="shortanswer">
     <name>
         <text>Como se llama el hobbit que porta el anillo</text>
     </name>
     <questiontext format="html">
         <text>Escribe la respuesta en el cuadro siguiente:</text>
     </questiontext>
	 <answer fraction="100">
	     <text>Se llama Frodo</text>
	     <feedback><text>Correct!</text></feedback>
	 </answer>
	</question>

	<question type="multichoice">
     <name>
         <text>Como se llama su compañero</text>
     </name>
     <questiontext format="html">
         <text>Elige la opción que consideres correcta</text>
     </questiontext>
	 <answer fraction="100">
	     <text>Sam</text>
	    <feedback><text>Correct!</text></feedback>
	 </answer>
	 <answer fraction="0">
	     <text>Joe</text>
	    <feedback><text>Ooops!</text></feedback>
	 </answer>
	 <answer fraction="0">
	     <text>Legolas</text>
	    <feedback><text>Ooops!</text></feedback>
	 </answer>
	 <shuffleanswers>1</shuffleanswers>
	 <single>true</single>
	 <answernumbering>abc</answernumbering>
	</question>

	<question type="truefalse">
     <name>
         <text>Existe un personaje llamado Gandalf</text>
     </name>
     <questiontext format="html">
         <text>Selecciona si crees que la anterior afirmación es cierta o no</text>
     </questiontext>
	 <answer fraction="100">
	    <text>true</text>
	    <feedback><text>Correct!</text></feedback>
	 </answer>
	 <answer fraction="0">
	    <text>false</text>
	    <feedback><text>Ooops!</text></feedback>
	 </answer>
	</question>
</quiz>
