<?xml version="1.0" ?>
<quiz>

	<question type="shortanswer">
     <name>
         <text>Danos tu opinion</text>
     </name>
     <questiontext format="html">
         <text>Escribe la respuesta en el cuadro siguiente:</text>
     </questiontext>
	 <answer fraction="100">
	     <text></text>
	     <feedback><text>Correct!</text></feedback>
	 </answer>
	</question>

	<question type="truefalse">
     <name>
         <text>Recomendarias la pagina</text>
     </name>
     <questiontext format="html">
         <text>Selecciona si crees que la anterior afirmación es cierta o no</text>
     </questiontext>
	 <answer fraction="0">
	    <text>true</text>
	    <feedback><text>Ooops!</text></feedback>
	 </answer>
	 <answer fraction="100">
	    <text>false</text>
	    <feedback><text>Correct!</text></feedback>
	 </answer>
	</question>
</quiz>
